Year, kWh, kvarh, "Peak kW", "peak kVA", "Losses kWh", "Losses kvarh", "Peak Losses kW"
0, 24759.7069401796, 23629.7228767469, 3286.28729717277, 3470.12486858156, 2331.77729493452, 4659.53435823508, 274.826329919739
