Freq, Harmonic, V1, VAngle1, V2, VAngle2, V3, VAngle3, V4, VAngle4, I1, IAngle1, I2, IAngle2, I3, IAngle3, I4, IAngle4
60, 1.00000, 2363.96, -2.51815, 2447.69, -121.472, 2404.03, 118.611, 0, 0, 35.2521, -38.0555, 36.5013, -157.01, 35.8511, 83.0751, 1.57253, 14.6197
180, 3.00000, 13.8926, -39.7391, 12.8896, -42.1831, 12.4791, -39.6405, 0, 0, 0.528782, 65.8335, 0.54752, 68.9695, 0.537767, 69.2252, 1.61349, -111.973
300, 5.00000, 137.576, -80.432, 92.7998, 31.6112, 118.554, 157.728, 0, 0, 7.05043, -10.2776, 7.30026, 114.949, 7.17023, -124.625, 0.580934, 68.1564
420, 7.00000, 58.9191, 138.688, 69.3894, 35.305, 87.3351, -95.0004, 0, 0, 4.9353, -86.3886, 5.11018, 160.929, 5.01916, 41.5255, 0.764554, -5.38025
540, 9.00000, 10.7408, 134.991, 9.51092, 129.199, 9.71781, 137.28, 0, 0, 0.352521, -162.5, 0.365013, -153.092, 0.358511, -152.324, 1.07257, 24.0855
660, 11.00000, 58.6525, 78.2743, 22.743, 158.229, 37.3922, -2.52128, 0, 0, 3.17269, 121.389, 3.28512, -107.112, 3.2266, 13.8258, 0.616139, -146.537
780, 13.00000, 34.6165, 34.1293, 27.1002, -126.35, 31.9668, 150.485, 0, 0, 2.46765, 45.2783, 2.55509, -61.1322, 2.50958, 179.976, 0.667404, 133.616
