Freq, Harmonic, P1 (kW), Q1 (kvar), P2 (kW), Q2 (kvar), P3 (kW), Q3 (kvar), P4 (kW), Q4 (kvar)
60, 1.00000, 67.8125, 48.437, 72.7016, 51.9311, 70.1345, 50.0937, 0, 0
180, 3.00000, -0.00197214, -0.00707647, -0.00254664, -0.00658179, -0.00216996, -0.00635034, 0, 0
300, 5.00000, 0.329292, -0.912364, 0.078594, -0.672888, 0.181846, -0.830379, 0, 0
420, 7.00000, -0.20534, -0.20589, -0.206536, -0.288234, -0.318103, -0.301596, 0, 0
540, 9.00000, 0.00174778, -0.00335884, 0.000738974, -0.00339205, 0.00116894, -0.00328199, 0, 0
660, 11.00000, 0.13584, -0.127183, -0.00606897, -0.0744665, 0.115772, -0.0339576, 0, 0
780, 13.00000, 0.0838093, -0.0165172, 0.0290251, -0.0628667, 0.0698291, -0.0394924, 0, 0
